Company,Fiscal Year,Total Revenue ($M),Net Income ($M),Net Margin (%),Total Assets ($M),Total Liabilities ($M),Operating Cash Flow ($M)
Microsoft,FY2023,211915,72361,34.1,411976,205753,87582
Microsoft,FY2024,245122,88136,36.0,512163,243686,118548
Microsoft,FY2025,281724,101832,36.1,619003,275524,136162
Apple,FY2023,383285,96995,25.3,352583,290437,110543
Apple,FY2024,391035,93736,24.0,364980,308030,118254
Apple,FY2025,416161,112010,26.9,359241,285508,111482
Tesla,FY2023,96773,14999,15.5,106618,43009,13256
Tesla,FY2024,97690,7130,7.3,122070,48390,14923
Tesla,FY2025,94827,3794,4.0,137806,54941,14747
